<edmx:Edmx xmlns:edmx="http://docs.oasis-open.org/odata/ns/edmx" Version="4.0">
	<edmx:Reference Uri="http://docs.oasis-open.org/odata/odata-data-aggregation-ext/v4.0/cs02/vocabularies/Org.OData.Aggregation.V1.xml">
		<edmx:Include Alias="Aggregation" Namespace="Org.OData.Aggregation.V1"/>
	</edmx:Reference>
	<edmx:Reference Uri="http://docs.oasis-open.org/odata/odata/v4.0/errata03/os/complete/vocabularies/Org.OData.Capabilities.V1.xml">
		<edmx:Include Alias="Capabilities" Namespace="Org.OData.Capabilities.V1"/>
	</edmx:Reference>
	<edmx:Reference Uri="https://wiki.scn.sap.com/wiki/download/attachments/448470974/Common.xml?api=v2">
		<edmx:Include Alias="Common" Namespace="com.sap.vocabularies.Common.v1"/>
	</edmx:Reference>
	<edmx:Reference Uri="https://wiki.scn.sap.com/wiki/download/attachments/448470971/Communication.xml?api=v2">
		<edmx:Include Alias="vCard" Namespace="com.sap.vocabularies.Communication.v1"/>
	</edmx:Reference>
	<edmx:Reference Uri="http://docs.oasis-open.org/odata/odata/v4.0/errata03/os/complete/vocabularies/Org.OData.Core.V1.xml">
		<edmx:Include Alias="Core" Namespace="Org.OData.Core.V1"/>
	</edmx:Reference>
	<edmx:Reference Uri="http://docs.oasis-open.org/odata/odata/v4.0/errata03/os/complete/vocabularies/Org.OData.Measures.V1.xml">
		<edmx:Include Alias="CQP" Namespace="Org.OData.Measures.V1"/>
	</edmx:Reference>
	<edmx:Reference Uri="https://wiki.scn.sap.com/wiki/download/attachments/448470968/UI.xml?api=v2">
		<edmx:Include Alias="UI" Namespace="com.sap.vocabularies.UI.v1"/>
	</edmx:Reference>
	<edmx:Reference Uri="https://oasis-tcs.github.io/odata-vocabularies/vocabularies/Org.OData.Authorization.V1.xml">
		<edmx:Include Alias="Auth" Namespace="Org.OData.Authorization.V1"/>
	</edmx:Reference>
	<edmx:Reference Uri="https://oasis-tcs.github.io/odata-vocabularies/vocabularies/Org.OData.Validation.V1.xml">
		<edmx:Include Alias="Validation" Namespace="Org.OData.Validation.V1"/>
	</edmx:Reference>
	<edmx:DataServices>
		<Schema xmlns="http://docs.oasis-open.org/odata/ns/edm">
			<Annotations Target="XS_PROJECT.invoice_list.InvoiceType">
				<Annotation Term="UI.SelectionVariant" Qualifier="Invoices">
					<Record Type="UI.SelectionVariantType">
						<PropertyValue Property="Text" String="Invoices"/>
						<PropertyValue Property="SelectOptions">
							<Collection>
								<Record Type="UI.SelectOptionType">
									<PropertyValue Property="PropertyName" PropertyPath="BILL_TYPE"/>
									<PropertyValue Property="Ranges">
										<Collection>
											<Record Type="UI.SelectionRangeType">
												<PropertyValue Property="Sign" EnumMember="UI.SelectionRangeSignType/I"/>
												<PropertyValue Property="Option" EnumMember="UI.SelectionRangeOptionType/EQ"/>
												<PropertyValue Property="Low" String="ZF2"/>
											</Record>
										</Collection>
									</PropertyValue>
								</Record>
							</Collection>
						</PropertyValue>
					</Record>
				</Annotation>
				<Annotation Term="UI.SelectionVariant" Qualifier="Credits">
					<Record Type="UI.SelectionVariantType">
						<PropertyValue Property="SelectOptions">
							<Collection>
								<Record Type="UI.SelectOptionType">
									<PropertyValue Property="PropertyName" PropertyPath="BILL_TYPE"/>
									<PropertyValue Property="Ranges">
										<Collection>
											<Record Type="UI.SelectionRangeType">
												<PropertyValue Property="Sign" EnumMember="UI.SelectionRangeSignType/I"/>
												<PropertyValue Property="Option" EnumMember="UI.SelectionRangeOptionType/NE"/>
												<PropertyValue Property="Low" String="ZF2"/>
											</Record>
										</Collection>
									</PropertyValue>
								</Record>
							</Collection>
						</PropertyValue>
						<PropertyValue Property="Text" String="Credits &amp; Returns"/>
					</Record>
				</Annotation>
				<Annotation Term="Common.Label" String="Invoice Header "/>
				<Annotation Term="UI.PresentationVariant">
					<Record Type="UI.PresentationVariantType">
						<PropertyValue Property="SortOrder">
							<Collection>
								<Record Type="Common.SortOrderType">
									<PropertyValue Property="Property" PropertyPath="DATE"/>
									<PropertyValue Property="Descending" Bool="true"/>
								</Record>
							</Collection>
						</PropertyValue>
						<PropertyValue Property="Visualizations">
							<Collection>
								<AnnotationPath>@UI.LineItem</AnnotationPath>
							</Collection>
						</PropertyValue>
					</Record>
				</Annotation>
				<Annotation Term="UI.FieldGroup" Qualifier="hb2">
					<Record Type="UI.FieldGroupType">
						<PropertyValue Property="Data">
							<Collection>
								<Record Type="UI.DataField">
									<PropertyValue Property="Value" Path="DOC_NUMBER"/>
								</Record>
								<Record Type="UI.DataField">
									<PropertyValue Property="Value" Path="ZCUST_PO"/>
								</Record>
								<Record Type="UI.DataField">
									<PropertyValue Property="Value" Path="I_EBELN"/>
								</Record>
							</Collection>
						</PropertyValue>
						<PropertyValue Property="Label" String="Invoice Reference"/>
					</Record>
				</Annotation>
				<Annotation Term="UI.FieldGroup" Qualifier="hb1">
					<Record Type="UI.FieldGroupType">
						<PropertyValue Property="Data">
							<Collection>
								<Record Type="UI.DataField">
									<PropertyValue Property="Value" Path="DATE"/>
								</Record>
								<Record Type="UI.DataField">
									<PropertyValue Property="Value" Path="BILL_TYPE___T"/>
								</Record>
								<Record Type="UI.DataField">
									<PropertyValue Property="Value" Path="DOC_TYPE___T"/>
								</Record>
							</Collection>
						</PropertyValue>
						<PropertyValue Property="Label" String="Basic Data"/>
					</Record>
				</Annotation>
				<Annotation Term="UI.HeaderFacets">
					<Collection>
						<Record Type="UI.ReferenceFacet">
							<PropertyValue Property="Target" AnnotationPath="@UI.FieldGroup#Header"/>
							<PropertyValue Property="Label" Path="CRM_SOLDTO___T"/>
							<PropertyValue Property="ID" String="H1R1"/>
						</Record>
					</Collection>
				</Annotation>
				<Annotation Term="UI.FieldGroup" Qualifier="Header">
					<Record Type="UI.FieldGroupType">
						<PropertyValue Property="Data">
							<Collection>
								<Record Type="UI.DataField">
									<PropertyValue Property="Value" Path="BILL_NUM"/>
								</Record>
								<Record Type="UI.DataField">
									<PropertyValue Property="Value" Path="NET_VAL_S"/>
								</Record>
							</Collection>
						</PropertyValue>
						<PropertyValue Property="Label" String="Invoice Amount"/>
					</Record>
				</Annotation>
				<Annotation Term="UI.Facets">
					<Collection>
						<Record Type="UI.CollectionFacet">
							<PropertyValue Property="Facets">
								<Collection>
									<Record Type="UI.ReferenceFacet">
										<PropertyValue Property="Target" AnnotationPath="@UI.FieldGroup#hb1"/>
										<PropertyValue Property="ID" String="C1R1"/>
									</Record>
									<Record Type="UI.ReferenceFacet">
										<PropertyValue Property="Target" AnnotationPath="@UI.FieldGroup#hb2"/>
										<PropertyValue Property="ID" String="C1R2"/>
									</Record>
								</Collection>
							</PropertyValue>
							<PropertyValue Property="Label" String="Header"/>
							<PropertyValue Property="ID" String="C1"/>
						</Record>
						<Record Type="UI.ReferenceFacet">
							<PropertyValue Property="Target" AnnotationPath="invRef/@UI.LineItem#line"/>
							<PropertyValue Property="Label" String="Invoice Lines"/>
							<PropertyValue Property="ID" String="F1R1"/>
						</Record>
					</Collection>
				</Annotation>
				<Annotation Term="UI.SelectionFields">
					<Collection>
						<PropertyPath>BILL_NUM</PropertyPath>
						<PropertyPath>CRM_SOLDTO</PropertyPath>
						<PropertyPath>CRM_SOLDTO___T</PropertyPath>
					</Collection>
				</Annotation>
				<Annotation Term="UI.LineItem">
					<Collection>
						<Record Type="UI.DataField">
							<PropertyValue Property="Value" Path="DATE"/>
						</Record>
						<Record Type="UI.DataField">
							<PropertyValue Property="Value" Path="BILL_NUM"/>
						</Record>
						<Record Type="UI.DataField">
							<PropertyValue Property="Value" Path="BILL_TYPE___T"/>
						</Record>
						<Record Type="UI.DataField">
							<PropertyValue Property="Value" Path="CRM_SOLDTO"/>
						</Record>
						<Record Type="UI.DataField">
							<PropertyValue Property="Value" Path="CRM_SOLDTO___T"/>
						</Record>
						<Record Type="UI.DataField">
							<PropertyValue Property="Value" Path="NET_VAL_S"/>
						</Record>
					</Collection>
				</Annotation>
			</Annotations>
			<Annotations Target="XS_PROJECT.invoice_list.LineType">
				<Annotation Term="UI.LineItem" Qualifier="line">
					<Collection>
						<Record Type="UI.DataField">
							<PropertyValue Property="Value" Path="MATERIAL___T"/>
						</Record>
						<Record Type="UI.DataField">
							<PropertyValue Property="Value" Path="ITEM_CATEG___T"/>
						</Record>
						<Record Type="UI.DataField">
							<PropertyValue Property="Value" Path="DIVISION___T"/>
						</Record>
						<Record Type="UI.DataField">
							<PropertyValue Property="Value" Path="DIVISION___T"/>
						</Record>
						<Record Type="UI.DataField">
							<PropertyValue Property="Value" Path="INV_QTY"/>
						</Record>
						<Record Type="UI.DataField">
							<PropertyValue Property="Value" Path="NET_VAL_S"/>
						</Record>
					</Collection>
				</Annotation>
			</Annotations>
			<Annotations Target="XS_PROJECT.invoice_list.InvoiceType/CRM_SOLDTO__ZORGREG">
				<Annotation Term="UI.Hidden" Bool="true"/>
			</Annotations>
			<Annotations Target="XS_PROJECT.invoice_list.InvoiceType/BILL_TYPE">
				<Annotation Term="UI.Hidden" Bool="true"/>
			</Annotations>
			<Annotations Target="XS_PROJECT.invoice_list.InvoiceType/CRM_SOLDTO__0SALES_OFF">
				<Annotation Term="UI.Hidden" Bool="true"/>
			</Annotations>
		</Schema>
	</edmx:DataServices>
</edmx:Edmx>