<edmx:Edmx xmlns:edmx="http://schemas.microsoft.com/ado/2007/06/edmx" xmlns:sap="http://www.sap.com/Protocols/SAPData" Version="1.0">
	<edmx:DataServices xmlns:m="http://schemas.microsoft.com/ado/2007/08/dataservices/metadata" m:DataServiceVersion="2.0">
		<Schema xmlns:d="http://schemas.microsoft.com/ado/2007/08/dataservices"
			xmlns:m="http://schemas.microsoft.com/ado/2007/08/dataservices/metadata" xmlns="http://schemas.microsoft.com/ado/2008/09/edm"
			Namespace="XS_PROJECT.invoice_list">
			<EntityType Name="InvoiceType">
				<Key><PropertyRef Name="BILL_NUM"/></Key><Property Name="BILL_NUM" Type="Edm.String" Nullable="false" MaxLength="10" sap:label="Invoice #"/><Property Name="NET_VAL_S_CURRENCY" Type="Edm.String" MaxLength="5" sap:label="Currency"/><Property Name="BILL_TYPE___T" Type="Edm.String" MaxLength="20" sap:label="Invoice Type"/><Property Name="BILLTOPRTY" Type="Edm.String" MaxLength="10" sap:label="Bill To #"/><Property Name="BILLTOPRTY___T" Type="Edm.String" MaxLength="40" sap:label="Bill To Name"/><Property Name="CRM_SOLDTO" Type="Edm.String" MaxLength="10" sap:label="Sold To #"/><Property Name="CRM_SOLDTO___T" Type="Edm.String" MaxLength="60" sap:label="Sold To Name"/><Property Name="DOC_NUMBER" Type="Edm.String" MaxLength="10" sap:label="Sales Order"/><Property Name="I_EBELN" Type="Edm.String" MaxLength="10" sap:label="Vendor PO"/><Property Name="DOC_TYPE___T" Type="Edm.String" MaxLength="20" sap:label="Sales Type"/><Property Name="CRM_SOLDTO__0SALES_OFF" Type="Edm.String" MaxLength="4" sap:label="Branch"/><Property Name="CRM_SOLDTO__ZORGREG" Type="Edm.String" MaxLength="8" sap:label="Region"/><Property Name="CRM_SOLDTO__ZORGREG__T" Type="Edm.String" MaxLength="20" sap:label="Region"/><Property Name="ZCUST_PO" Type="Edm.String" MaxLength="20" sap:label="Customer PO"/><Property Name="BILL_TYPE" Type="Edm.String" MaxLength="4" sap:label="Billing Type"/><Property Name="CRM_SOLDTO__0SALES_OFF___T" Type="Edm.String" MaxLength="20" sap:label="Branch"/><Property Name="DATE" Type="Edm.DateTime" sap:display-format="Date" sap:label="Invoice Date"/><Property Name="NET_VAL_S" Type="Edm.Decimal" Precision="17" Scale="2" sap:label="Amount"/><NavigationProperty Name="invRef" Relationship="XS_PROJECT.invoice_list.invAssctnType" FromRole="InvoicePrincipal" ToRole="LineDependent"/></EntityType>
			<EntityType Name="LineType">
				<Key><PropertyRef Name="BILL_ITEM"/><PropertyRef Name="BILL_NUM"/></Key><Property Name="BILL_ITEM" Type="Edm.String" Nullable="false" MaxLength="6" sap:label="Invoice Item"/><Property Name="BILL_NUM" Type="Edm.String" Nullable="false" MaxLength="10" sap:label="Invoice #"/><Property Name="NET_VAL_S_CURRENCY" Type="Edm.String" MaxLength="5" sap:label="Currency"/><Property Name="MATERIAL___T" Type="Edm.String" MaxLength="40" sap:label="Item Description"/><Property Name="PLANT___T" Type="Edm.String" MaxLength="20" sap:label="Fulfilment Center"/><Property Name="SALES_UNIT___T" Type="Edm.String" MaxLength="10" sap:semantics="unit-of-measure" sap:label="Unit"/><Property Name="ITEM_CATEG___T" Type="Edm.String" MaxLength="20" sap:label="Item Type"/><Property Name="DIVISION___T" Type="Edm.String" MaxLength="20" sap:label="Division"/><Property Name="MAT_SALES__ZVEND_SEL___T" Type="Edm.String" MaxLength="40" sap:label="Vendor"/><Property Name="MAT_SALES__ZVEND_SEL" Type="Edm.String" MaxLength="10" sap:label="Vendor #"/><Property Name="MATERIAL__0MATL_GROUP___T" Type="Edm.String" MaxLength="20" sap:label="Material Group"/><Property Name="CRM_SOLDTO__0SALES_OFF" Type="Edm.String" MaxLength="4" sap:label="Branch"/><Property Name="CRM_SOLDTO__ZORGREG" Type="Edm.String" MaxLength="8" sap:label="Region"/><Property Name="MAT_NUM" Type="Edm.String" MaxLength="13" sap:label="Product #"/><Property Name="NET_VAL_S" Type="Edm.Decimal" Precision="17" Scale="2" sap:label="Amount"/><Property Name="INV_QTY" Type="Edm.Decimal" Precision="10" Scale="1" sap:label="Quantity" sap:unit="SALES_UNIT___T"/></EntityType>
			<EntityType Name="vlsoldtoType">
				<Key><PropertyRef Name="CRM_SOLDTO"/></Key><Property Name="CRM_SOLDTO" Type="Edm.String" Nullable="false" MaxLength="10" sap:label="Sold To #"/><Property Name="CRM_SOLDTO___T" Type="Edm.String" MaxLength="60" sap:label="Sold To Name"/></EntityType>
			<EntityType Name="vlbilltypeType">
				<Key><PropertyRef Name="BILL_TYPE___T"/></Key><Property Name="BILL_TYPE___T" Type="Edm.String" Nullable="false" MaxLength="20" sap:label="Invoice Type"/></EntityType>
			<EntityType Name="vlsalestypeType">
				<Key><PropertyRef Name="DOC_TYPE___T"/></Key><Property Name="DOC_TYPE___T" Type="Edm.String" Nullable="false" MaxLength="20" sap:label="Sales Type"/></EntityType>
			<Association Name="invAssctnType"><End Type="XS_PROJECT.invoice_list.InvoiceType" Role="InvoicePrincipal" Multiplicity="1"/><End Type="XS_PROJECT.invoice_list.LineType" Role="LineDependent" Multiplicity="*"/></Association>
			<EntityContainer Name="invoice_list" m:IsDefaultEntityContainer="true"><EntitySet Name="Invoice" EntityType="XS_PROJECT.invoice_list.InvoiceType"/><EntitySet Name="Line" EntityType="XS_PROJECT.invoice_list.LineType"/><EntitySet Name="vlsoldto" EntityType="XS_PROJECT.invoice_list.vlsoldtoType"/><EntitySet Name="vlbilltype" EntityType="XS_PROJECT.invoice_list.vlbilltypeType"/><EntitySet Name="vlsalestype" EntityType="XS_PROJECT.invoice_list.vlsalestypeType"/>
				<AssociationSet Name="invAssctn" Association="XS_PROJECT.invoice_list.invAssctnType"><End Role="InvoicePrincipal" EntitySet="Invoice"/><End Role="LineDependent" EntitySet="Line"/></AssociationSet>
			</EntityContainer>
		</Schema>
	</edmx:DataServices>
</edmx:Edmx>